clust_xyz,Count,driver_mut,no_of_members,avg_count,max,min,count
2,498,4,87,5.724137931034483,219,1,87
4,828,6,87,9.517241379310345,299,1,87
5,1067,1,102,10.46078431372549,852,1,102
12,301,1,59,5.101694915254237,104,1,59
17,993,7,62,16.016129032258064,451,1,62
21,597,4,46,12.978260869565217,283,1,46
26,4925,6,44,111.93181818181819,2171,1,44
28,457,1,86,5.313953488372093,258,1,86
